INSERT INTO `section`(id,name) values (1, 'section1')
INSERT INTO `section`(id,name) values (2, 'section2')
INSERT INTO `section`(id,name) values (3, 'section3')
INSERT INTO `section`(id,name) values (4, 'section4')
INSERT INTO `section`(id,name) values (5, 'section5')

INSERT INTO `user`(id,email,name,password) values (1, 'asd@o2.com', 'ian', 'passw!1Aa3b')
INSERT INTO `user`(id,email,name,password) values (2, 'asdd@o2.com', 'johhn', 'pasS2sw!1Aa3b')
INSERT INTO `user`(id,email,name,password) values (3, 'assd@o2.com', 'george', 'pAassw!1Aa3b')
INSERT INTO `user`(id,email,name,password) values (4, 'absd@o2.com', 'tom', 'Passw!1SAa3b')

INSERT INTO thread (id,name) values (1, 'thread1')
INSERT INTO thread (id,name) values (2, 'thread2')
INSERT INTO thread (id,name) values (3, 'thread3')
INSERT INTO thread (id,name) values (4, 'thread4')
INSERT INTO thread (id,name) values (5, 'thread5')
INSERT INTO thread (id,name) values (6, 'thread6')
INSERT INTO thread (id,name) values (7, 'thread7')

INSERT INTO post(id,content) values(1, 'post1')
INSERT INTO post(id,content) values(2, 'post2')
INSERT INTO post(id,content) values(3, 'post3')
INSERT INTO post(id,content) values(4, 'post4')
INSERT INTO post(id,content) values(5, 'post5')

insert into USER_POSTS(user_id,posts_id) values (1, 1)
insert into USER_POSTS(user_id,posts_id) values (1, 2)
insert into USER_POSTS(user_id,posts_id) values (1, 3)
insert into USER_POSTS(user_id,posts_id) values (1, 4)
insert into USER_POSTS(user_id,posts_id) values (1, 5)

insert into THREAD_POSTS (thread_id, posts_id) values(1, 1)
insert into THREAD_POSTS (thread_id, posts_id) values(1, 2)
insert into THREAD_POSTS (thread_id, posts_id) values(1, 3)
insert into THREAD_POSTS (thread_id, posts_id) values(1, 4)
insert into THREAD_POSTS (thread_id, posts_id) values(1, 5)

insert into section_threads (section_id, threads_id) values (1, 1)
insert into section_threads (section_id, threads_id) values (1, 2)
insert into section_threads (section_id, threads_id) values (1, 3)
insert into section_threads (section_id, threads_id) values (1, 4)
insert into section_threads (section_id, threads_id) values (1, 5)
insert into section_threads (section_id, threads_id) values (2, 6)
insert into section_threads (section_id, threads_id) values (2, 7)